"index","value","se"
1,1,1
2,0.344659463108223,0.0235376380651337
3,0.732397790192997,0.0187062840992309
4,0.3,1
5,2.55980741172455,0.0393543833489684
6,0.986028636887039,0.0195810565042335
7,0.3,1
8,0.636559569420569,0.030016897911888
9,1.00448640859038,0.0152325675147256
10,0.3,1
11,0.989670376622337,0.0202534367935369
12,0.991470965783801,0.0202194102501524
13,0.3,1
