"index","value","se"
1,1,1
2,0.0357111217285364,0.0546346173497052
3,-0.0598621249911656,0.0553765387467725
4,-0.0436223856432566,0.0529870961973481
5,0.3,1
6,1,1
7,0,1
8,0,1
9,0.3,1
10,1,1
