"component","intercept","betas","loading","factor_var","factor_cor"
"selection",0.344659463108223,"Z1=0.732398",0.1,1,0.1
"Y1",1.74037479265123,"X1=0.988632",0.285553314170152,1,0.1
"Y0",1.74037479265123,"X1=0.988632",0.285553314170152,1,0.1
"T",0.989670376622337,"Q1=0.991471",0.174250166436002,1,0.1
