"component","param","value"
"factor","factor_var[f1]",1
"selection","intercept",0.344659463108223
"selection","beta[Z1]",0.732397790192997
"selection","loading[f1]",0.1
"Y1","intercept",2.55980741172455
"Y1","beta[X1]",0.986028636887039
"Y1","loading[f1]",0.289317038716135
"Y0","intercept",0.636559569420569
"Y0","beta[X1]",1.00448640859038
"Y0","loading[f1]",0.241600739878879
"T","intercept",0.989670376622337
"T","beta[Q1]",0.991470965783801
"T","loading[f1]",0.174250166436002
