"component","intercept","betas","loading","factor_var","factor_cor"
"lin_comp",0.0357111217285364,"-0.0598621249911656;-0.0436223856432566",0.3,1,0
"lin_comp",0.0357111217285364,"-0.0598621249911656;-0.0436223856432566",1,1,0
"op_comp",0,"0",0.3,1,0
"op_comp",0,"0",1,1,0
