"component","intercept","betas","loading","factor_var","factor_cor"
"selection",0.344659463108223,"NA;0.732397790192997",0.1,1,0.1
"Y1",1.74037479265123,"NA;0.988631975178141",0.285553314170152,1,0.1
"Y0",1.74037479265123,"NA;0.988631975178141",0.285553314170152,1,0.1
"T",0.989670376622337,"NA;0.991470965783801",0.174250166436002,1,0.1
